{"components/products/related":"{{#if product.related_products}}\n\t<h2 class=\"related-title\">{{lang 'products.related_products' }}</h2>\n    {{> components/products/custom products=product.related_products columns=4}}\n{{/if}} \n\n{{#if product.similar_by_views}}\n\t<h2 class=\"related-title\">{{lang 'products.similar_by_views' }}</h2>\n    {{> components/products/custom products=product.similar_by_views columns=4}}\n{{/if}}","components/products/custom":"<div class=\"products-holder products\">\n   \n    {{#each products}}\n        <div class=\"product\">\n            {{> components/products/card theme_settings=../theme_settings}}\n        </div>\n    {{/each}}\n</div>\n    \n","components/products/card":"\n <div class=\"product__inner\">\n\t<figure class=\"product__image\">\n\t\t<div class=\"product-item-badges\">\n\t\t  {{#unless out_of_stock_message}}\n\t\t\t{{#if price.saved}}\n\t\t\t  <div class=\"product-item-sale-tag\">{{lang 'product.product_item_actions.sale'}}</div>\n\t\t\t{{/if}}\n\t\t  {{else}}\n\t\t\t<div class=\"product-item-out-of-stock\">{{lang 'product.product_item_actions.sold_out'}}</div>\n\t\t  {{/unless}}\n\t\t</div>\n\t\t<a href=\"{{url}}\">\n\t\t\t<img src=\"{{getImage image 'gallery' (cdn theme_settings.default_image_product)}}\" alt=\"{{image.alt}}\">\n\t\t</a>\n\t\t<figcaption>\n\t\t\t<a href=\"{{url}}\" class=\"block-link\"></a>\n\t\t\t<div class=\"product-addon\">\n\t\t\t\t{{#unless hide_product_quick_view}}\n\t\t\t\t\t{{#if theme_settings.show_product_quick_view}}\n\t\t\t\t\t\t<a href=\"#\" class=\"button quickview\" data-product-id=\"{{id}}\">\n\t\t\t\t\t\t   <i class=\"fa fa-eye\"></i> {{lang 'products.quick_view'}}\n\t\t\t\t\t   </a>\n\t\t\t\t\t{{/if}}\n\t\t\t\t{{/unless}}\n\t\t\t\t{{#if show_compare}}\n\t\t\t\t\t<div class=\"compare-button\">\n\t\t\t\t\t\t<input type=\"checkbox\" name=\"products[]\" value=\"{{id}}\" id=\"compare-{{id}}\" data-compare-id=\"{{id}}\">\n\t\t\t\t\t\t<label for=\"compare-{{id}}\">{{lang 'products.compare'}}</label>\n\t\t\t\t\t</div>\n\t\t\t\t{{/if}}\n\t\t\t</div>\n\t\t</figcaption>\n\t</figure>\n\t<div class=\"product__detail\">\n\t\t<div class=\"top-section\">\n\t\t\t<h2 class=\"product__detail-title\">\n\t\t\t\t<a href=\"{{url}}\">{{name}}</a>\n\t\t\t</h2>\n\t\t\t<div class=\"product__detail-category\">\n\t\t\t\t{{#if brand.name}}\n\t\t\t\t\t{{brand.name}}\n\t\t\t\t{{/if}}\n\t\t\t</div>\n\t\t\t<div class=\"show-on-hover\">\n\t\t\t\t\t{{> components/products/ratings rating=rating}}\n\t\t\t</div>    \n\t\t</div>\n\t\t<div class=\"bottom-section\">\n\t\t\t<div class=\"price product__detail-price\">\n\t\t\t\t{{> components/products/price price=price}}\n\t\t\t</div>\n\t\t\t<div class=\"product__detail-action\">\n\t\t\t\t{{#if show_cart_action}}\n\t\t\t\t\t{{#if has_options}}\n\t\t\t\t\t <a href=\"{{url}}\" class=\"button\" data-product-id=\"{{id}}\">\n\t\t\t\t\t\t<span>{{lang 'products.choose_options'}}</span>\n\t\t\t\t\t\t<i class=\"fa fa-plus\"></i>\n\t\t\t\t\t</a>\n\t\t\t\t\t{{/if}}\n\t\t\t\t\t{{#if pre_order}}\n\t\t\t\t\t\t<a href=\"{{url}}\" class=\"button\">\n\t\t\t\t\t\t\t<span>{{lang 'products.pre_order'}}</span>\n\t\t\t\t\t\t\t<i class=\"fa fa-plus\"></i>\n\t\t\t\t\t\t</a>\n\t\t\t\t\t{{/if}}\n\t\t\t\t\t{{#if add_to_cart_url }}\n\t\t\t\t\t\t<a href=\"{{add_to_cart_url}}\" class=\"button\">\n\t\t\t\t\t\t\t<span>{{lang 'products.add_to_cart'}}</span>\n\t\t\t\t\t\t\t<i class=\"fa fa-plus\"></i>\n\t\t\t\t\t\t</a>\n\t\t\t\t\t{{/if}}\n\t\t\t\t\t{{#if out_of_stock_message }}\n\t\t\t\t\t\t<a href=\"{{url}}\" class=\"button\" data-product-id=\"{{id}}\">\n\t\t\t\t\t\t\t<span>{{out_of_stock_message}}</span>\n\t\t\t\t\t\t\t<i class=\"fa fa-plus\"></i>\n\t\t\t\t\t\t</a>\n\t\t\t\t\t{{/if}}\n\t\t\t\t{{/if}}\n\t\t\t</div>\n\t\t</div>\n\t</div>\n</div>\n","components/products/ratings":"{{#for 1 5}}\n    {{#if ../this.rating '>=' $index}}\n        <span class=\"icon icon--ratingFull\">\n            <svg>\n                <use xlink:href=\"#icon-star\" />\n            </svg>\n        </span>\n    {{else}}\n        <span class=\"icon icon--ratingEmpty\">\n            <svg>\n                <use xlink:href=\"#icon-star\" />\n            </svg>\n        </span>\n    {{/if}}\n{{/for}}\n","components/products/price":"{{#if price.with_tax}}\n    <div class=\"price-section price-section--withTax\" {{#if schema_org}}itemprop=\"offers\" itemscope itemtype=\"http://schema.org/Offer\"{{/if}}>\n        {{#if price.rrp_with_tax}}\n            <span data-product-rrp-with-tax class=\"price price--rrp\">{{price.rrp_with_tax.formatted}}</span>\n        {{/if}}\n        <span data-product-price-with-tax class=\"price\">{{price.with_tax.formatted}}</span>\n        {{#if price.without_tax}}\n            {{lang 'products.price_with_tax' tax_label=price.tax_label}}\n        {{/if}}\n    </div>\n{{/if}}\n\n{{#if price.without_tax}}\n    <div class=\"price-section price-section--withoutTax {{#if price.with_tax}}price-section--minor{{/if}}\"  {{#if schema_org}}itemprop=\"offers\" itemscope itemtype=\"http://schema.org/Offer\"{{/if}}>\n        {{#if price.rrp_without_tax}}\n            <span data-product-rrp-without-tax class=\"price price--rrp\">{{price.rrp_without_tax.formatted}}</span>\n        {{/if}}\n        {{#if schema_org}}\n            <meta itemprop=\"price\" content=\"{{price.without_tax.value}}\">\n            <meta itemprop=\"priceCurrency\" content=\"{{currency_selector.active_currency_code}}\">\n        {{/if}}\n        <span data-product-price-without-tax class=\"price price--withoutTax\">{{price.without_tax.formatted}}</span>\n        {{#if price.with_tax}}\n            <abbr title=\"{{lang 'products.excluding_tax'}}\">{{lang 'products.price_without_tax' tax_label=price.tax_label}}</abbr>\n        {{/if}}\n    </div>\n{{/if}}\n\n{{#if page_type '===' 'product'}}\n    {{#if price.saved}}\n        <div class=\"price-section price-section--saving\">\n            <span class=\"price\">\n                {{lang 'products.you_save' amount=price.saved.formatted}}\n            </span>\n        </div>\n    {{/if}}\n{{/if}}\n"}