{"pages/errors/403":"{{#partial \"page\"}}\n\n{{> components/common/breadcrumbs breadcrumbs=breadcrumbs}}\n\n<main class=\"page\">\n    <section class=\"page-content page-content--centered\">\n        <h1 class=\"page-heading\">{{lang 'forbidden.page_heading'}}</h1>\n        <p class=\"u-textAlignCenter\">\n            {{lang 'forbidden.message'}}\n        </p>\n\n        {{> components/common/search-box}}\n    </section>\n</main>\n\n{{/partial}}\n{{> layout/base}}\n","components/common/breadcrumbs":"<ul class=\"breadcrumbs\">\n    {{#each breadcrumbs}}\n        <li class=\"breadcrumb {{#if @last}}is-active{{/if}}\">\n            {{#if url}}\n                <a href=\"{{url}}\" class=\"breadcrumb-label\">{{name}}</a>\n            {{else}}\n                <span class=\"breadcrumb-label\">{{name}}</span>\n            {{/if}}\n        </li>\n    {{/each}}\n</ul>\n","components/common/search-box":"<form class=\"form\"  action=\"{{urls.search}}\">\n    <fieldset class=\"form-fieldset\">\n        <div class=\"form-field\">\n            <label class=\"form-label is-srOnly\" for=\"search_query_adv\">{{lang 'search.results.form_label'}}</label>\n            <div class=\"form-prefixPostfix\">\n                <input class=\"form-input\" id=\"search_query_adv\" name=\"search_query_adv\" value=\"{{forms.search.query}}\">\n                <input class=\"button button--primary form-prefixPostfix-button--postfix\" type=\"submit\" value=\"{{lang 'search.results.form_button_text'}}\">\n            </div>\n        </div>\n    </fieldset>\n</form>\n","layout/base":"<!DOCTYPE html>\n<html class=\"no-js\" lang=\"{{ locale_name }}\">\n    <head>\n        <title>{{ head.title }}</title>\n        {{{ head.meta_tags }}}\n        {{{ head.config }}}\n        {{#block \"head\"}} {{/block}}\n        <link href=\"{{ head.favicon }}\" rel=\"shortcut icon\">\n        <meta name=\"viewport\" content=\"width=device-width, initial-scale=1, maximum-scale=1\">\n        {{{stylesheet '/assets/css/theme.css'}}}\n        {{ getFontsCollection }}\n        <script src=\"{{cdn '/assets/modernizr-custom.js'}}\"></script>\n \n        {{{head.scripts}}}\n        {{{head.rsslinks}}}\n\n        {{inject 'themeSettings' theme_settings}}\n        {{inject 'themeImageSizes' theme_settings._images}}\n        {{inject 'genericError' (lang 'common.generic_error')}}\n        {{inject 'maintenanceMode' settings.maintenance}}\n        {{inject 'urls' urls}}\n        {{{snippet 'htmlhead'}}}\n\n    </head>\n    <body>\n        <div class=\"icons-svg-sprite\">{{> components/common/icons/icon-defs }}</div>\n\n        {{#if settings.privacy_cookie}}\n            {{> components/common/cookie}}\n        {{/if}}\n\n        {{> components/common/header }}\n        {{> components/common/body }}\n        {{> components/common/footer }}\n\n        <script>\n            function startupApp(stencilBootstrap) {\n                stencilBootstrap(\"{{template_file}}\", {{jsContext}}).load();\n            }\n        </script>\n\n        <script src=\"{{cdn '/assets/js/bundle.js'}}\"></script>\n        <script>\n            // Exported in app.js\n            window.stencilBootstrap(\"{{template_file}}\", {{jsContext}}).load();\n        </script>\n\n        {{{footer.scripts}}}\n        {{{snippet 'footer'}}}\n    </body>\n</html>\n","components/common/icons/icon-defs":"<svg xmlns=\"http://www.w3.org/2000/svg\"><defs> <path id=\"stumbleupon-path-1\" d=\"M0,0.0749333333 L31.9250667,0.0749333333 L31.9250667,31.984 L0,31.984\"/> </defs><symbol viewBox=\"0 0 24 24\" id=\"icon-add\"><path d=\"M19 13h-6v6h-2v-6H5v-2h6V5h2v6h6v2z\"/></symbol><symbol viewBox=\"0 0 36 36\" id=\"icon-arrow-down\"> <path d=\"M16.5 6v18.26l-8.38-8.38-2.12 2.12 12 12 12-12-2.12-2.12-8.38 8.38v-18.26h-3z\"/> </symbol><symbol viewBox=\"0 0 12 8\" id=\"icon-chevron-down\"><path d=\"M6 6.174l5.313-4.96.23-.214.457.427-.23.214-5.51 5.146L6.03 7 6 6.972 5.97 7l-.23-.214L.23 1.64 0 1.428.458 1l.23.214L6 6.174z\" stroke-linecap=\"square\" fill-rule=\"evenodd\"/></symbol><symbol viewBox=\"0 0 24 24\" id=\"icon-chevron-left\"><path d=\"M15.41 7.41L14 6l-6 6 6 6 1.41-1.41L10.83 12z\"/></symbol><symbol viewBox=\"0 0 24 24\" id=\"icon-chevron-right\"><path d=\"M10 6L8.59 7.41 13.17 12l-4.58 4.59L10 18l6-6z\"/></symbol><symbol viewBox=\"0 0 24 24\" id=\"icon-close\"><path d=\"M19 6.41L17.59 5 12 10.59 6.41 5 5 6.41 10.59 12 5 17.59 6.41 19 12 13.41 17.59 19 19 17.59 13.41 12z\"/></symbol><symbol viewBox=\"0 0 28 28\" id=\"icon-envelope\"> <path d=\"M0 23.5v-12.406q0.688 0.766 1.578 1.359 5.656 3.844 7.766 5.391 0.891 0.656 1.445 1.023t1.477 0.75 1.719 0.383h0.031q0.797 0 1.719-0.383t1.477-0.75 1.445-1.023q2.656-1.922 7.781-5.391 0.891-0.609 1.563-1.359v12.406q0 1.031-0.734 1.766t-1.766 0.734h-23q-1.031 0-1.766-0.734t-0.734-1.766zM0 6.844q0-1.219 0.648-2.031t1.852-0.812h23q1.016 0 1.758 0.734t0.742 1.766q0 1.234-0.766 2.359t-1.906 1.922q-5.875 4.078-7.313 5.078-0.156 0.109-0.664 0.477t-0.844 0.594-0.812 0.508-0.898 0.422-0.781 0.141h-0.031q-0.359 0-0.781-0.141t-0.898-0.422-0.812-0.508-0.844-0.594-0.664-0.477q-1.422-1-4.094-2.852t-3.203-2.227q-0.969-0.656-1.828-1.805t-0.859-2.133z\"/> </symbol><symbol viewBox=\"0 0 32 32\" id=\"icon-facebook\"> <path d=\"M2.428 0.41c-0.936 0-1.695 0.753-1.695 1.682v27.112c0 0.929 0.759 1.682 1.695 1.682h14.709v-11.802h-4.002v-4.599h4.002v-3.392c0-3.936 2.423-6.080 5.961-6.080 1.695 0 3.152 0.125 3.576 0.181v4.114l-2.454 0.001c-1.924 0-2.297 0.907-2.297 2.239v2.937h4.59l-0.598 4.599h-3.992v11.802h7.826c0.936 0 1.695-0.753 1.695-1.682v-27.112c0-0.929-0.759-1.682-1.695-1.682h-27.321z\"/> </symbol><symbol viewBox=\"0 0 20 28\" id=\"icon-google\"> <path d=\"M1.734 21.156q0-1.266 0.695-2.344t1.852-1.797q2.047-1.281 6.312-1.563-0.5-0.641-0.742-1.148t-0.242-1.148q0-0.625 0.328-1.328-0.719 0.063-1.062 0.063-2.312 0-3.898-1.508t-1.586-3.82q0-1.281 0.562-2.484t1.547-2.047q1.188-1.031 2.844-1.531t3.406-0.5h6.516l-2.141 1.375h-2.063q1.172 0.984 1.766 2.078t0.594 2.5q0 1.125-0.383 2.023t-0.93 1.453-1.086 1.016-0.922 0.961-0.383 1.031q0 0.562 0.5 1.102t1.203 1.062 1.414 1.148 1.211 1.625 0.5 2.219q0 1.422-0.766 2.703-1.109 1.906-3.273 2.805t-4.664 0.898q-2.063 0-3.852-0.648t-2.695-2.148q-0.562-0.922-0.562-2.047zM4.641 20.438q0 0.875 0.367 1.594t0.953 1.18 1.359 0.781 1.563 0.453 1.586 0.133q0.906 0 1.742-0.203t1.547-0.609 1.141-1.141 0.43-1.703q0-0.391-0.109-0.766t-0.227-0.656-0.422-0.648-0.461-0.547-0.602-0.539-0.57-0.453-0.648-0.469-0.57-0.406q-0.25-0.031-0.766-0.031-0.828 0-1.633 0.109t-1.672 0.391-1.516 0.719-1.070 1.164-0.422 1.648zM6.297 4.906q0 0.719 0.156 1.523t0.492 1.609 0.812 1.445 1.172 1.047 1.508 0.406q0.578 0 1.211-0.258t1.023-0.68q0.828-0.875 0.828-2.484 0-0.922-0.266-1.961t-0.75-2.016-1.313-1.617-1.828-0.641q-0.656 0-1.289 0.305t-1.039 0.82q-0.719 0.922-0.719 2.5z\"/> </symbol><symbol viewBox=\"0 0 32 32\" id=\"icon-instagram\"> <path d=\"M25.522709,13.5369502 C25.7256898,14.3248434 25.8455558,15.1480745 25.8455558,15.9992932 C25.8455558,21.4379334 21.4376507,25.8455558 15.9998586,25.8455558 C10.5623493,25.8455558 6.15416148,21.4379334 6.15416148,15.9992932 C6.15416148,15.1480745 6.27459295,14.3248434 6.4775737,13.5369502 L3.6915357,13.5369502 L3.6915357,27.0764447 C3.6915357,27.7552145 4.24280653,28.3062027 4.92355534,28.3062027 L27.0764447,28.3062027 C27.7571935,28.3062027 28.3084643,27.7552145 28.3084643,27.0764447 L28.3084643,13.5369502 L25.522709,13.5369502 Z M27.0764447,3.6915357 L23.384909,3.6915357 C22.7050083,3.6915357 22.1543028,4.24280653 22.1543028,4.92214183 L22.1543028,8.61509104 C22.1543028,9.29442633 22.7050083,9.84569717 23.384909,9.84569717 L27.0764447,9.84569717 C27.7571935,9.84569717 28.3084643,9.29442633 28.3084643,8.61509104 L28.3084643,4.92214183 C28.3084643,4.24280653 27.7571935,3.6915357 27.0764447,3.6915357 Z M9.84597988,15.9992932 C9.84597988,19.3976659 12.6009206,22.1537374 15.9998586,22.1537374 C19.3987967,22.1537374 22.1543028,19.3976659 22.1543028,15.9992932 C22.1543028,12.6003551 19.3987967,9.84569717 15.9998586,9.84569717 C12.6009206,9.84569717 9.84597988,12.6003551 9.84597988,15.9992932 Z M3.6915357,31.9997173 C1.65296441,31.9997173 0,30.3461875 0,28.3062027 L0,3.6915357 C0,1.6526817 1.65296441,0 3.6915357,0 L28.3084643,0 C30.3473183,0 32,1.6526817 32,3.6915357 L32,28.3062027 C32,30.3461875 30.3473183,31.9997173 28.3084643,31.9997173 L3.6915357,31.9997173 Z\" id=\"instagram-Imported-Layers\" sketch:type=\"MSShapeGroup\"/> </symbol><symbol viewBox=\"0 0 24 24\" id=\"icon-keyboard-arrow-down\"><path d=\"M7.41 7.84L12 12.42l4.59-4.58L18 9.25l-6 6-6-6z\"/></symbol><symbol viewBox=\"0 0 24 24\" id=\"icon-keyboard-arrow-up\"><path d=\"M7.41 15.41L12 10.83l4.59 4.58L18 14l-6-6-6 6z\"/></symbol><symbol viewBox=\"0 0 32 32\" id=\"icon-linkedin\"> <path d=\"M27.2684444,27.2675556 L22.5226667,27.2675556 L22.5226667,19.8408889 C22.5226667,18.0702222 22.4924444,15.792 20.0568889,15.792 C17.5866667,15.792 17.2097778,17.7217778 17.2097778,19.7146667 L17.2097778,27.2675556 L12.4693333,27.2675556 L12.4693333,11.9964444 L17.0186667,11.9964444 L17.0186667,14.0844444 L17.0844444,14.0844444 C17.7173333,12.8835556 19.2657778,11.6177778 21.5742222,11.6177778 C26.3804444,11.6177778 27.2684444,14.7795556 27.2684444,18.8924444 L27.2684444,27.2675556 L27.2684444,27.2675556 Z M7.11822222,9.91022222 C5.59377778,9.91022222 4.36444444,8.67733333 4.36444444,7.15733333 C4.36444444,5.63822222 5.59377778,4.40533333 7.11822222,4.40533333 C8.63644444,4.40533333 9.86844444,5.63822222 9.86844444,7.15733333 C9.86844444,8.67733333 8.63644444,9.91022222 7.11822222,9.91022222 L7.11822222,9.91022222 Z M4.74133333,11.9964444 L9.49244444,11.9964444 L9.49244444,27.2675556 L4.74133333,27.2675556 L4.74133333,11.9964444 Z M29.632,0 L2.36,0 C1.05777778,0 0,1.03288889 0,2.30755556 L0,29.6906667 C0,30.9653333 1.05777778,32 2.36,32 L29.632,32 C30.9368889,32 31.9991111,30.9653333 31.9991111,29.6906667 L31.9991111,2.30755556 C31.9991111,1.03288889 30.9368889,0 29.632,0 L29.632,0 Z\" id=\"linkedin-Fill-4\"/> </symbol><symbol viewBox=\"0 0 34 32\" id=\"icon-pinterest\"> <path d=\"M1.356 15.647c0 6.24 3.781 11.6 9.192 13.957-0.043-1.064-0.008-2.341 0.267-3.499 0.295-1.237 1.976-8.303 1.976-8.303s-0.491-0.973-0.491-2.411c0-2.258 1.319-3.945 2.962-3.945 1.397 0 2.071 1.041 2.071 2.288 0 1.393-0.895 3.477-1.356 5.408-0.385 1.616 0.817 2.935 2.424 2.935 2.909 0 4.869-3.708 4.869-8.101 0-3.34-2.267-5.839-6.39-5.839-4.658 0-7.56 3.447-7.56 7.297 0 1.328 0.394 2.264 1.012 2.989 0.284 0.333 0.324 0.467 0.221 0.849-0.074 0.28-0.243 0.955-0.313 1.223-0.102 0.386-0.417 0.524-0.769 0.381-2.145-0.869-3.145-3.201-3.145-5.822 0-4.329 3.679-9.519 10.975-9.519 5.863 0 9.721 4.21 9.721 8.729 0 5.978-3.349 10.443-8.285 10.443-1.658 0-3.217-0.889-3.751-1.899 0 0-0.892 3.511-1.080 4.189-0.325 1.175-0.963 2.349-1.546 3.264 1.381 0.405 2.84 0.625 4.352 0.625 8.48 0 15.355-6.822 15.355-15.238s-6.876-15.238-15.355-15.238c-8.48 0-15.356 6.822-15.356 15.238z\"/> </symbol><symbol viewBox=\"0 0 26 28\" id=\"icon-print\"> <path d=\"M0 21.5v-6.5q0-1.234 0.883-2.117t2.117-0.883h1v-8.5q0-0.625 0.438-1.062t1.062-0.438h10.5q0.625 0 1.375 0.313t1.188 0.75l2.375 2.375q0.438 0.438 0.75 1.188t0.313 1.375v4h1q1.234 0 2.117 0.883t0.883 2.117v6.5q0 0.203-0.148 0.352t-0.352 0.148h-3.5v2.5q0 0.625-0.438 1.062t-1.062 0.438h-15q-0.625 0-1.062-0.438t-0.438-1.062v-2.5h-3.5q-0.203 0-0.352-0.148t-0.148-0.352zM6 24h14v-4h-14v4zM6 14h14v-6h-2.5q-0.625 0-1.062-0.438t-0.438-1.062v-2.5h-10v10zM22 15q0 0.406 0.297 0.703t0.703 0.297 0.703-0.297 0.297-0.703-0.297-0.703-0.703-0.297-0.703 0.297-0.297 0.703z\"/> </symbol><symbol viewBox=\"0 0 24 24\" id=\"icon-remove\"><path d=\"M19 13H5v-2h14v2z\"/></symbol><symbol viewBox=\"0 0 32 32\" id=\"icon-rss\"> <path d=\"M-0.465347858,2.01048219 C-0.465347858,2.01048219 28.7009958,0.574406533 31,31.3201126 L25.1092027,31.3201126 C25.1092027,31.3201126 26.2597741,8.90749482 -0.465347858,6.89506416 L-0.465347858,2.01048219 L-0.465347858,2.01048219 Z M-0.465347858,12.2127144 C-0.465347858,12.2127144 16.6328276,11.6363594 19.9369779,31.3201126 L14.0472499,31.3201126 C14.0472499,31.3201126 13.3297467,19.6839434 -0.465347858,17.0940884 L-0.465347858,12.2127144 L-0.465347858,12.2127144 Z M2.73614917,25.0304648 C4.79776783,25.0304648 6.47229834,26.7007181 6.47229834,28.766614 C6.47229834,30.8282326 4.79776783,32.5016938 2.73614917,32.5016938 C0.6723919,32.5016938 -1,30.8293019 -1,28.766614 C-1,26.7017874 0.6723919,25.0304648 2.73614917,25.0304648 Z\" id=\"rss-Shape\"/> </symbol><symbol viewBox=\"0 0 26 28\" id=\"icon-star\"> <path d=\"M0 10.109q0-0.578 0.875-0.719l7.844-1.141 3.516-7.109q0.297-0.641 0.766-0.641t0.766 0.641l3.516 7.109 7.844 1.141q0.875 0.141 0.875 0.719 0 0.344-0.406 0.75l-5.672 5.531 1.344 7.812q0.016 0.109 0.016 0.313 0 0.328-0.164 0.555t-0.477 0.227q-0.297 0-0.625-0.187l-7.016-3.687-7.016 3.687q-0.344 0.187-0.625 0.187-0.328 0-0.492-0.227t-0.164-0.555q0-0.094 0.031-0.313l1.344-7.812-5.688-5.531q-0.391-0.422-0.391-0.75z\"/> </symbol><symbol viewBox=\"0 0 32 32\" id=\"icon-stumbleupon\">  <mask id=\"stumbleupon-mask-2\" sketch:name=\"Clip 2\"> <use xlink:href=\"#stumbleupon-path-1\"/> </mask> <path d=\"M31.9250667,16.0373333 C31.9250667,24.8533333 24.7784,32 15.9624,32 C7.14666667,32 0,24.8533333 0,16.0373333 C0,7.2216 7.14666667,0.0749333333 15.9624,0.0749333333 C24.7784,0.0749333333 31.9250667,7.2216 31.9250667,16.0373333 Z M21.9205547,16.3600826 L21.9205547,18.9857015 C21.9205547,19.5214765 21.494073,19.9558236 20.968,19.9558236 C20.441927,19.9558236 20.0154453,19.5214765 20.0154453,18.9857015 L20.0154453,16.4101275 L18.1823358,16.9675798 L16.9525547,16.3839008 L16.9525547,18.9383327 C16.9717372,21.1844666 18.7659562,23 20.976146,23 C23.1984234,23 25,21.1651979 25,18.9019364 L25,16.3600826 L21.9205547,16.3600826 Z M16.9525547,14.2429415 L18.1823358,14.8266205 L20.0154453,14.2691683 L20.0154453,12.9736203 C19.9505401,10.7684323 18.1810219,9 16,9 C13.8268613,9 12.0618102,10.7555866 11.9845547,12.9492669 L11.9845547,18.8684839 C11.9845547,19.404259 11.558073,19.8386061 11.032,19.8386061 C10.505927,19.8386061 10.0794453,19.404259 10.0794453,18.8684839 L10.0794453,16.3600826 L7,16.3600826 L7,18.9019364 C7,21.1651979 8.80131387,23 11.0235912,23 C13.2264234,23 15.0119708,21.1965095 15.0429781,18.9608128 L15.0474453,13.114656 C15.0474453,12.578881 15.473927,12.1445339 16,12.1445339 C16.526073,12.1445339 16.9525547,12.578881 16.9525547,13.114656 L16.9525547,14.2429415 Z\" id=\"stumbleupon-Fill-1\" sketch:type=\"MSShapeGroup\" mask=\"url(#stumbleupon-mask-2)\"/> </symbol><symbol viewBox=\"0 0 32 32\" id=\"icon-tumblr\"> <path d=\"M23.852762,25.5589268 C23.2579209,25.8427189 22.1195458,26.089634 21.2697728,26.1120809 C18.7092304,26.1810247 18.2121934,24.3131275 18.1897466,22.9566974 L18.1897466,12.9951133 L24.6159544,12.9951133 L24.6159544,8.15140729 L18.2137967,8.15140729 L18.2137967,0 L13.5256152,0 C13.4486546,0 13.3139736,0.0673405008 13.2963368,0.238898443 C13.0221648,2.73370367 11.8533261,7.11243957 7,8.86168924 L7,12.9951133 L10.2387574,12.9951133 L10.2387574,23.4521311 C10.2387574,27.0307977 12.8794671,32.1166089 19.8508122,31.9979613 C22.2013164,31.9578777 24.8131658,30.9718204 25.3919735,30.1236507 L23.852762,25.5589268\"/> </symbol><symbol viewBox=\"0 0 43 32\" id=\"icon-twitter\"> <path d=\"M36.575 5.229c1.756-0.952 3.105-2.46 3.74-4.257-1.644 0.882-3.464 1.522-5.402 1.867-1.551-1.495-3.762-2.429-6.209-2.429-4.697 0-8.506 3.445-8.506 7.694 0 0.603 0.075 1.19 0.22 1.753-7.069-0.321-13.337-3.384-17.532-8.039-0.732 1.136-1.152 2.458-1.152 3.868 0 2.669 1.502 5.024 3.784 6.404-1.394-0.040-2.706-0.386-3.853-0.962-0.001 0.032-0.001 0.064-0.001 0.097 0 3.728 2.932 6.837 6.823 7.544-0.714 0.176-1.465 0.27-2.241 0.27-0.548 0-1.081-0.048-1.6-0.138 1.083 3.057 4.224 5.281 7.946 5.343-2.911 2.064-6.579 3.294-10.564 3.294-0.687 0-1.364-0.036-2.029-0.108 3.764 2.183 8.235 3.457 13.039 3.457 15.646 0 24.202-11.724 24.202-21.891 0-0.334-0.008-0.665-0.025-0.995 1.662-1.085 3.104-2.439 4.244-3.982-1.525 0.612-3.165 1.025-4.885 1.211z\"/> </symbol><symbol viewBox=\"0 0 32 32\" id=\"icon-youtube\"> <path d=\"M31.6634051,8.8527593 C31.6634051,8.8527593 31.3509198,6.64879843 30.3919217,5.67824658 C29.1757339,4.40441487 27.8125088,4.39809002 27.1873503,4.32353816 C22.7118278,4 15.9983092,4 15.9983092,4 L15.984407,4 C15.984407,4 9.27104501,4 4.79536595,4.32353816 C4.17017613,4.39809002 2.80745205,4.40441487 1.59082583,5.67824658 C0.631890411,6.64879843 0.319843444,8.8527593 0.319843444,8.8527593 C0.319843444,8.8527593 0,11.4409393 0,14.0290881 L0,16.4554834 C0,19.0436008 0.319843444,21.6317495 0.319843444,21.6317495 C0.319843444,21.6317495 0.631890411,23.8357417 1.59082583,24.8062935 C2.80745205,26.0801566 4.40557339,26.0398591 5.11736986,26.1733699 C7.67602348,26.4187241 15.9913894,26.4946536 15.9913894,26.4946536 C15.9913894,26.4946536 22.7118278,26.4845401 27.1873503,26.1610333 C27.8125088,26.0864501 29.1757339,26.0801566 30.3919217,24.8062935 C31.3509198,23.8357417 31.6634051,21.6317495 31.6634051,21.6317495 C31.6634051,21.6317495 31.9827789,19.0436008 31.9827789,16.4554834 L31.9827789,14.0290881 C31.9827789,11.4409393 31.6634051,8.8527593 31.6634051,8.8527593 Z M12.6895342,19.39582 L12.6880626,10.4095186 L21.3299413,14.9183249 L12.6895342,19.39582 Z\" id=\"youtube-Imported-Layers\"/> </symbol></svg>","components/common/cookie":"<div class=\"cookieMessage\">\n    <div class=\"cookieMessage-container\">\n        <div class=\"cookieMessage-text\">\n            <p>{{settings.privacy_cookie}}</p>\n        </div>\n        <button class=\"button button--primary button--small\" data-privacy-accept>{{lang 'cookies.accept'}}</button>\n    </div>\n</div>\n","components/common/header":"<div class=\"dropdown dropdown--quickSearch\" id=\"quickSearch\" aria-hidden=\"true\" tabindex=\"-1\" data-prevent-quick-search-close>\n    <a class=\"close\" data-search=\"quickSearch\" aria-controls=\"quickSearch\"><i class=\"simple-icon-close\"></i></a>\n    {{> components/common/quick-search}}\n</div>\n\n{{#if banners.top}}\n    <div class=\"banners\" data-banner-location=\"top\">\n        <div class=\"banner\">\n            {{{limit banners.top 1}}}\n        </div>\n    </div>\n{{/if}}\n\n<div class=\"site-content\">\n    <header class=\"site-header\">\n        <div class=\"top-header\">\n            <div class=\"container\">\n                <div class=\"flex-container\">\n                   {{> components/common/navigation}}\n\n                   <div class=\"user-menu\">\n                        <!-- FOr Logged in user -->\n                        <button class=\"user-menu__toggle\"><i class=\"simple-icon-user\"></i> My Account</button>\n                        <div class=\"user-menu__box\">\n                            <!-- User Menu for logged in user -->\n                            <ul class=\"user-menu__list\"> \n                                {{#if customer}}\n                                    <li><a class=\"menu-action\" href=\"{{urls.account.index}}\">{{lang 'common.account'}}</a></li>\n                                    <li><a class=\"menu-action\" href=\"{{urls.auth.logout}}\">{{lang 'common.logout'}}</a></li>\n                                {{else}}\n                                    <li><a class=\"menu-action\" href=\"{{urls.auth.login}}\">{{lang 'common.login'}}</a></li> \n                                    <li><a class=\"menu-action\" href=\"{{urls.auth.create_account}}\">{{lang 'common.sign_up'}}</a></li>\n                                {{/if}}\n                            </ul>\n\n                        </div>\n                    </div>\n                  \n                </div>\n            </div>\n        </div>\n        <div class=\"bottom-header\">\n            <div class=\"container\">\n\n                <div class=\"header-content-wrap\">\n                    <div class=\"branding\">\n                        {{#if template_file '===' 'pages/home'}}\n                            <h1 class=\"site-title\">\n                                {{> components/common/store-logo}}\n                            </h1>\n                        {{else}}\n                            <div class=\"site-title\">\n                                {{> components/common/store-logo}}\n                            </div>\n                        {{/if}}\n                    </div>\n                     \n                    <div class=\"left-section\">\n                         {{> components/common/navigation-mobile}}\n                    </div>\n                    <div class=\"right-section\">\n                        <div class=\"mini-cart\">\n                            <a\n                                class=\"menu-action cart-toggle\"\n                                data-cart-preview\n                                data-dropdown=\"cart-preview-dropdown\"\n                                data-options=\"align:right\"\n                                href=\"{{urls.cart}}\">\n                                <i class=\"simple-icon-bag\"></i> <span class=\"count\">\n                                <span class=\"countPill{{#if cart.items}} countPill--positive{{/if}} cart-quantity\">{{cart.quantity}}</span>\n                            </a>\n                             <div class=\"dropdown-menu\" id=\"cart-preview-dropdown\" data-dropdown-content aria-hidden=\"true\"></div>\n                        </div>\n                        <div class=\"search-form\">\n                            <a class=\"menu-action menu-action--quickSearch search-form__toggle\" href=\"#\" data-search=\"quickSearch\" aria-controls=\"quickSearch\" aria-expanded=\"false\">\n                                <i class=\"simple-icon-magnifier\"></i>\n                            </a>\n                            \n                        </div>\n\n                    </div>\n                </div>\n\n                <nav class=\"mobile-navigation\">\n                    <form class=\"form\" action=\"{{urls.search}}\">\n                        <fieldset class=\"form-fieldset\">\n                            <div class=\"form-field\">\n                                <label class=\"is-srOnly\" for=\"search_query\">{{lang \"search.quick_search.input_label\"}}</label>\n                                <input class=\"form-input\" name=\"search_query\" id=\"search_query\" data-error-message=\"{{lang 'search.error.empty_field'}}\" placeholder=\"{{lang 'search.quick_search.input_placeholder'}}\" autocomplete=\"off\">\n                            </div>\n                        </fieldset>\n                    </form>\n    \n                    <ul class=\"menu\">\n                        <li class=\"menu-item\">\n                            <a class=\"menu-action\" href=\"/\">{{lang 'Home'}}</a>\n                        </li>\n                        {{#each pages}}\n                             {{#if name '==' 'Blog'}}\n                                <li class=\"menu-item\">\n                                    <a class=\"menu-action\" href=\"{{url}}\">{{name}}</a>\n                                </li>\n                            {{/if}}\n                        {{/each}} \n                        {{#each categories}}\n                            {{#if children}}\n                                <li class=\"menu-item menu-item-has-children\">\n                            {{else}}\n                                <li class=\"menu-item\">\n                            {{/if}}\n                                {{> components/common/navigation-list}}\n                            </li>\n                        {{/each}}\n                    </ul>\n                </nav> <!-- .mobile-navigation -->\n            </div>\n        </div>\n    </header> <!-- .site-header -->\n\n","components/common/body":"\n{{#block \"hero\"}} {{/block}}\n\n{{#block \"page\"}} {{/block}}\n\n{{> components/common/modal}}\n","components/common/footer":"{{#if banners.bottom}}\n    {{#each banners.bottom}}\n        {{{this}}}\n    {{/each}}\n{{/if}}\n\n<footer class=\"site-footer\" role=\"contentinfo\">\n    <div class=\"widget-area\">\n        <div class=\"container\">\n            <div class=\"row\">\n                <div class=\"col-md-3\">\n                    <div class=\"widget footer-store-info\" data-section-type=\"footer-store-info\">\n                        <h3 class=\"widget-title\">{{lang 'footer.store_info'}}</h3>\n                        \n                        <div class=\"textwidget\">\n                            <div class=\"branding\">\n                                {{> components/common/store-logo}}\n                            </div>\n                            <br>\n                            <address>\n                                <span class=\"contact-address\"><strong>Address : </strong> {{settings.address}} </span><br>\n                                {{#if settings.phone_number}}\n                                    <span class=\"contact-phone\"><strong>Phone : </strong><a href=\"tel:{{settings.phone_number}}\">  {{settings.phone_number}}</a></span>\n                                {{/if}}\n                            </address>\n                        </div>\n                        {{> components/common/social-links }}\n\n                    </div>\n                </div>\n\n                <div class=\"col-md-3\">\n                    <div class=\"widget\" data-section-type=\"footer-webPages\">\n                        <h3 class=\"widget-title\">{{lang 'footer.navigate'}}</h3>\n                        <ul class=\"footer-info-list\">\n                            {{#each pages}}\n                            <li>\n                                <a href=\"{{url}}\">{{name}}</a>\n                            </li>\n                            {{/each}}\n                        </ul>\n\n                    </div>\n                </div>\n                \n                <div class=\"col-md-3\">\n                    <div class=\"widget\" data-section-type=\"footer-brands\">\n                        <h3 class=\"widget-title\">{{lang 'footer.brands'}}</h3>\n                        <ul class=\"footer-info-list\">\n                            {{#each shop_by_brand}}\n                                <li>\n                                    <a href=\"{{url}}\">{{name}}</a>\n                                </li>\n                            {{/each}}\n                            <li><a href=\"{{urls.brands}}\">{{lang 'common.view_all'}}</a></li>\n                        </ul>\n                    </div>\n                </div>\n                \n                <div class=\"col-md-3\">\n                    <div class=\"widget\" data-section-type=\"newsletterSubscription\">\n                        <h3 class=\"widget-title\">{{lang 'newsletter.subscribe'}}</h3>\n                        {{#if settings.show_newsletter_box}}\n                            {{> components/common/subscription-form }}\n                        {{/if}}\n                    </div>\n                </div>\n            </div>\n\n            <div class=\"colophon\">\n                <div class=\"container\">\n                    {{#if theme_settings.show_copyright_footer}}\n                         <p class=\"powered-by\">Powered by <a href=\"http://bigcommerce.com\" rel=\"nofollow\">Bigcommerce</a></p>\n                    {{/if}}\n                    {{> components/common/payment-icons}}\n                </div>\n            </div>\n        </div>\n    </div>\n</footer>\n","components/common/quick-search":"<div class=\"container\">\n    <form class=\"form\" action=\"{{urls.search}}\">\n        <fieldset class=\"form-fieldset\">\n            <div class=\"form-field\">\n                <label class=\"is-srOnly\" for=\"search_query\">{{lang \"search.quick_search.input_label\"}}</label>\n                <input class=\"form-input\" data-search-quick name=\"search_query\" id=\"search_query\" data-error-message=\"{{lang 'search.error.empty_field'}}\" placeholder=\"{{lang 'search.quick_search.input_placeholder'}}\" autocomplete=\"off\">\n            </div>\n        </fieldset>\n    </form>\n    <section class=\"quickSearchResults\" data-bind=\"html: results\"></section>\n</div>\n","components/common/navigation":"<nav class=\"secondary-navigation\">\n    {{> components/common/currency-selector}}\n\n    <ul class=\"menu\">\n        {{#each pages}}\n\t        <li class=\"menu-item\">\n\t        \t {{#if name '!==' 'Blog'}}\n\t\t            <a class=\"menu-action\" href=\"{{url}}\">{{name}}</a>\n\t            {{/if}}\n\t        </li>\n        {{/each}}\n        {{#if settings.gift_certificates_enabled}}\n            <li class=\"menu-item\">\n                <a class=\"menu-action\" href=\"{{urls.gift_certificate.purchase}}\">{{lang 'common.gift_cert'}}</a>\n            </li>\n        {{/if}}\n\n    </ul>\n</nav>\n","components/common/store-logo":"<a href=\"{{urls.home}}\">\n    {{#if settings.store_logo.image}}\n        <img class=\"header-logo-image\" src=\"{{getImage settings.store_logo.image 'logo'}}\" alt=\"{{settings.store_logo.title}}\">\n    {{else}}\n        <span class=\"header-logo-text\">{{settings.store_logo.title}}</span>\n    {{/if}}\n</a>\n","components/common/navigation-mobile":"<nav class=\"primary-navigation\">\n\t<button type=\"button\" class=\"menu-toggle\"><i class=\"fa fa-bars\"></i> <span>Navigation</span></button>\n    <ul class=\"menu\">\n        <li class=\"menu-item\">\n            <a class=\"menu-action\" href=\"/\">{{lang 'Home'}}</a>\n        </li>\n        {{#each pages}}\n            <li class=\"menu-item\">\n                 {{#if name '==' 'Blog'}}\n                    <a class=\"menu-action\" href=\"{{url}}\">{{name}}</a>\n                {{/if}}\n            </li>\n        {{/each}} \n         {{#each categories}}\n         \t{{#if children}}\n            \t<li class=\"menu-item menu-item-has-children\">\n            {{else}}\n            \t<li class=\"menu-item\">\n            {{/if}}\n                {{> components/common/navigation-list}}\n            </li>\n        {{/each}}\n    </ul>\n</nav>\n","components/common/navigation-list":"{{#if children}}\n<a href=\"{{url}}\" data-togglemenu=\"navPages-{{id}}\" aria-controls=\"navPages-{{id}}\" aria-expanded=\"false\">\n    {{name}}\n</a>\n<!-- <div class=\"navPage-subMenu sub-menu\" id=\"navPages-{{id}}\" aria-hidden=\"true\" tabindex=\"-1\"> -->\n    <ul  id=\"navPages-{{id}}\" class=\"sub-menu\">\n        <li class=\"menu-item\">\n            <a href=\"{{url}}\">{{lang 'category.view_all.name' category=name}}</a>\n        </li>\n        {{#each children}}\n            {{#if children}}\n            <li class=\"menu-item menu-item-has-children\">\n            {{else}}\n            <li class=\"menu-item\">\n            {{/if}}\n                {{#if children}}\n                    <a class=\"\" href=\"{{url}}\">\n                        {{name}}\n                    </a>\n                    <ul class=\"sub-menu\">\n                        {{#each children}}\n                        <li class=\"menu-item\">\n                            <a href=\"{{url}}\">{{name}}</a>\n                        </li>\n                        {{/each}}\n                    </ul>\n                {{else}}\n                    <a  href=\"{{url}}\">{{name}}</a>\n                {{/if}}\n            </li>\n        {{/each}}\n    </ul>\n<!-- </div> -->\n{{else}}\n<a class=\"navPages-action\" href=\"{{url}}\">{{name}}</a>\n{{/if}}\n","components/common/modal":"<div id=\"modal\" class=\"modal\" data-reveal data-prevent-quick-search-close>\n    <div class=\"modal-content\"></div>\n    <div class=\"loadingOverlay\"></div>\n</div>\n","components/common/social-links":"{{#if social_media}}\n    <div class=\"social-links\">\n        {{#each social_media}}\n            {{#if display_name '===' 'google+'}}\n                <a class=\"google-plus\" href=\"{{url}}\"><i class=\"fa fa-google-plus\"></i></a>\n            {{else}}\n                <a href=\"{{url}}\" class=\"{{display_name}}\">\n                    <i class=\"fa fa-{{display_name}}\"></i>\n                </a>\n            {{/if}}\n        {{/each}}\n    </div>\n{{/if}}\n","components/common/payment-icons":"<div class=\"footer-payment-icons\">\n    {{#if theme_settings.show_accept_amex}}\n        <svg class=\"footer-payment-icon\"><use xlink:href=\"#icon-logo-american-express\"></use></svg>\n    {{/if}}\n    {{#if theme_settings.show_accept_discover}}\n        <svg class=\"footer-payment-icon\"><use xlink:href=\"#icon-logo-discover\"></use></svg>\n    {{/if}}\n    {{#if theme_settings.show_accept_mastercard}}\n        <svg class=\"footer-payment-icon\"><use xlink:href=\"#icon-logo-mastercard\"></use></svg>\n    {{/if}}\n    {{#if theme_settings.show_accept_paypal}}\n        <svg class=\"footer-payment-icon\"><use xlink:href=\"#icon-logo-paypal\"></use></svg>\n    {{/if}}\n    {{#if theme_settings.show_accept_visa}}\n        <svg class=\"footer-payment-icon\"><use xlink:href=\"#icon-logo-visa\"></use></svg>\n    {{/if}}\n</div>\n","components/common/subscription-form":"<p>{{lang 'newsletter.subscribe_intro'}}</p>\n\n<form class=\"form\" action=\"{{urls.subscribe.action}}\" method=\"post\">\n    <fieldset class=\"form-fieldset\">\n        <input type=\"hidden\" name=\"action\" value=\"subscribe\">\n        <input type=\"hidden\" name=\"nl_first_name\" value=\"bc\">\n        <input type=\"hidden\" name=\"check\" value=\"1\">\n        <div class=\"form-field\">\n            <label class=\"form-label is-srOnly\" for=\"nl_email\">{{lang 'common.email_address'}}</label>\n            <div class=\"form-prefixPostfix\">\n                <input class=\"form-input\" id=\"nl_email\" name=\"nl_email\" type=\"email\" value=\"{{customer.email}}\" placeholder=\"{{lang 'newsletter.email_placeholder'}}\">\n                <input class=\"button button--primary form-prefixPostfix-button--postfix\" type=\"submit\" value=\"{{lang 'newsletter.subscribe_submit'}}\">\n            </div>\n        </div>\n    </fieldset>\n</form>\n","components/common/currency-selector":"{{#if currency_selector.currencies.length '>' 1}}\n<ul class=\"navUser-section\">\n    <li class=\"navUser-item\">\n        <a class=\"navUser-action has-dropdown\" href=\"#\" data-dropdown=\"currencySelection\" aria-controls=\"currencySelection\" aria-expanded=\"false\">{{lang 'common.currency' code=currency_selector.active_currency_code}} <i class=\"icon\" aria-hidden=\"true\"><svg><use xlink:href=\"#icon-chevron-down\" /></svg></i></a>\n        <ul class=\"dropdown-menu\" id=\"currencySelection\" data-dropdown-content aria-hidden=\"true\" tabindex=\"-1\">\n            {{#each currency_selector.currencies}}\n            <li class=\"dropdown-menu-item\">\n                <a href=\"{{{switch_url}}}\">\n                    {{#if is_active}}\n                    <strong>{{name}}</strong>\n                    {{else}}\n                    {{name}}\n                    {{/if}}\n                </a>\n            </li>\n            {{/each}}\n        </ul>\n    </li>\n</ul>\n{{/if}}\n"}