{"components/common/footer":"{{#if banners.bottom}}\n    {{#each banners.bottom}}\n        {{{this}}}\n    {{/each}}\n{{/if}}\n\n<footer class=\"site-footer\" role=\"contentinfo\">\n    <div class=\"widget-area\">\n        <div class=\"container\">\n            <div class=\"row\">\n                <div class=\"col-md-3\">\n                    <div class=\"widget footer-store-info\" data-section-type=\"footer-store-info\">\n                        <h3 class=\"widget-title\">{{lang 'footer.store_info'}}</h3>\n                        \n                        <div class=\"textwidget\">\n                            <div class=\"branding\">\n                                {{> components/common/store-logo}}\n                            </div>\n                            <br>\n                            <address>\n                                <span class=\"contact-address\"><strong>Address : </strong> {{settings.address}} </span><br>\n                                {{#if settings.phone_number}}\n                                    <span class=\"contact-phone\"><strong>Phone : </strong><a href=\"tel:{{settings.phone_number}}\">  {{settings.phone_number}}</a></span>\n                                {{/if}}\n                            </address>\n                        </div>\n                        {{> components/common/social-links }}\n\n                    </div>\n                </div>\n\n                <div class=\"col-md-3\">\n                    <div class=\"widget\" data-section-type=\"footer-webPages\">\n                        <h3 class=\"widget-title\">{{lang 'footer.navigate'}}</h3>\n                        <ul class=\"footer-info-list\">\n                            {{#each pages}}\n                            <li>\n                                <a href=\"{{url}}\">{{name}}</a>\n                            </li>\n                            {{/each}}\n                        </ul>\n\n                    </div>\n                </div>\n                \n                <div class=\"col-md-3\">\n                    <div class=\"widget\" data-section-type=\"footer-brands\">\n                        <h3 class=\"widget-title\">{{lang 'footer.brands'}}</h3>\n                        <ul class=\"footer-info-list\">\n                            {{#each shop_by_brand}}\n                                <li>\n                                    <a href=\"{{url}}\">{{name}}</a>\n                                </li>\n                            {{/each}}\n                            <li><a href=\"{{urls.brands}}\">{{lang 'common.view_all'}}</a></li>\n                        </ul>\n                    </div>\n                </div>\n                \n                <div class=\"col-md-3\">\n                    <div class=\"widget\" data-section-type=\"newsletterSubscription\">\n                        <h3 class=\"widget-title\">{{lang 'newsletter.subscribe'}}</h3>\n                        {{#if settings.show_newsletter_box}}\n                            {{> components/common/subscription-form }}\n                        {{/if}}\n                    </div>\n                </div>\n            </div>\n\n            <div class=\"colophon\">\n                <div class=\"container\">\n                    {{#if theme_settings.show_copyright_footer}}\n                         <p class=\"powered-by\">Powered by <a href=\"http://bigcommerce.com\" rel=\"nofollow\">Bigcommerce</a></p>\n                    {{/if}}\n                    {{> components/common/payment-icons}}\n                </div>\n            </div>\n        </div>\n    </div>\n</footer>\n","components/common/store-logo":"<a href=\"{{urls.home}}\">\n    {{#if settings.store_logo.image}}\n        <img class=\"header-logo-image\" src=\"{{getImage settings.store_logo.image 'logo'}}\" alt=\"{{settings.store_logo.title}}\">\n    {{else}}\n        <span class=\"header-logo-text\">{{settings.store_logo.title}}</span>\n    {{/if}}\n</a>\n","components/common/social-links":"{{#if social_media}}\n    <div class=\"social-links\">\n        {{#each social_media}}\n            {{#if display_name '===' 'google+'}}\n                <a class=\"google-plus\" href=\"{{url}}\"><i class=\"fa fa-google-plus\"></i></a>\n            {{else}}\n                <a href=\"{{url}}\" class=\"{{display_name}}\">\n                    <i class=\"fa fa-{{display_name}}\"></i>\n                </a>\n            {{/if}}\n        {{/each}}\n    </div>\n{{/if}}\n","components/common/subscription-form":"<p>{{lang 'newsletter.subscribe_intro'}}</p>\n\n<form class=\"form\" action=\"{{urls.subscribe.action}}\" method=\"post\">\n    <fieldset class=\"form-fieldset\">\n        <input type=\"hidden\" name=\"action\" value=\"subscribe\">\n        <input type=\"hidden\" name=\"nl_first_name\" value=\"bc\">\n        <input type=\"hidden\" name=\"check\" value=\"1\">\n        <div class=\"form-field\">\n            <label class=\"form-label is-srOnly\" for=\"nl_email\">{{lang 'common.email_address'}}</label>\n            <div class=\"form-prefixPostfix\">\n                <input class=\"form-input\" id=\"nl_email\" name=\"nl_email\" type=\"email\" value=\"{{customer.email}}\" placeholder=\"{{lang 'newsletter.email_placeholder'}}\">\n                <input class=\"button button--primary form-prefixPostfix-button--postfix\" type=\"submit\" value=\"{{lang 'newsletter.subscribe_submit'}}\">\n            </div>\n        </div>\n    </fieldset>\n</form>\n","components/common/payment-icons":"<div class=\"footer-payment-icons\">\n    {{#if theme_settings.show_accept_amex}}\n        <svg class=\"footer-payment-icon\"><use xlink:href=\"#icon-logo-american-express\"></use></svg>\n    {{/if}}\n    {{#if theme_settings.show_accept_discover}}\n        <svg class=\"footer-payment-icon\"><use xlink:href=\"#icon-logo-discover\"></use></svg>\n    {{/if}}\n    {{#if theme_settings.show_accept_mastercard}}\n        <svg class=\"footer-payment-icon\"><use xlink:href=\"#icon-logo-mastercard\"></use></svg>\n    {{/if}}\n    {{#if theme_settings.show_accept_paypal}}\n        <svg class=\"footer-payment-icon\"><use xlink:href=\"#icon-logo-paypal\"></use></svg>\n    {{/if}}\n    {{#if theme_settings.show_accept_visa}}\n        <svg class=\"footer-payment-icon\"><use xlink:href=\"#icon-logo-visa\"></use></svg>\n    {{/if}}\n</div>\n"}