{"components/carousel":"<section class=\"heroCarousel\"\n    data-slick='{\n        \"dots\": true,\n        \"mobileFirst\": true,\n        \"slidesToShow\": 1,\n        \"slidesToScroll\": 1,\n        \"autoplay\": true,\n        \"autoplaySpeed\": {{carousel.swap_frequency}}\n    }'\n>\n    {{#each carousel.slides}}\n    <div class=\"heroCarousel-slide\" style=\"background-image: url({{image}})\">\n        <img class=\"heroCarousel-image\" src=\"{{image}}\" alt=\"{{alt_text}}\"/>\n        <div class=\"heroCarousel-content\">\n            <h1 class=\"heroCarousel-title\">{{heading}}</h1>\n            <p class=\"heroCarousel-description\">{{text}}</p>\n            {{#if button_text}}\n                <a href=\"{{url}}\" class=\"heroCarousel-action button button--primary button--large\">{{button_text}}</a>\n            {{/if}}\n        </div>\n    </div>\n    {{/each}}\n</section>\n"}