{"components/search/product-listing":"{{#if product_results.products.length}}\n    {{> components/products/filter sort=pagination.product_results.sort}}\n{{/if}}\n\n<form action=\"/compare\" method='POST' data-product-compare>\n    {{#if theme_settings.product_list_display_mode '===' 'grid'}}\n        {{> components/products/grid products=product_results.products show_compare=product_results.show_compare theme_settings=theme_settings}}\n    {{else}}\n        {{> components/products/list products=product_results.products show_compare=product_results.show_compare theme_settings=theme_settings}}\n    {{/if}}\n\n    {{#if product_results.show_compare}}\n        <input type=\"submit\" value=\"{{lang 'compare.button'}}\" class=\"button button--primary\">\n    {{/if}}\n</form>\n\n{{> components/common/paginator pagination.product_results}}\n","components/products/filter":"<form class=\"actionBar\" method=\"get\" data-sort-by>\n    {{> components/category/sort-box sort=sort}}\n</form>\n","components/products/grid":"\n<div class=\"woocommerce columns-3\">\n\t<ul class=\"products-holder products\" data-product-type=\"new\">\n\t    {{#each products}}\n\t        <li class=\"product {{#if alternate}}card--alternate{{/if}}\">\n\t           {{>components/products/card show_compare=../show_compare show_rating=../settings.show_product_rating theme_settings=../theme_settings}}\n\t        </li>\n\t    {{/each}}\n\t</ul>\n</div>\n","components/products/list":"<ul class=\"productList\">\n    {{#each products}}\n    <li class=\"product\">\n        {{>components/products/list-item show_compare=../show_compare show_rating=../settings.show_product_rating theme_settings=../theme_settings}}\n    </li>\n    {{/each}}\n</ul>\n","components/common/paginator":"<div class=\"pagination\">\n    <ul class=\"pagination-list\">\n        {{#if previous}}\n            <li class=\"pagination-item pagination-item--previous\">\n                <a class=\"pagination-link\" href=\"{{previous}}\" data-faceted-search-facet>\n                    <i class=\"icon\" aria-hidden=\"true\">\n                        <svg>\n                            <use xmlns:xlink=\"http://www.w3.org/1999/xlink\" xlink:href=\"#icon-chevron-left\"></use>\n                        </svg>\n                    </i>\n                    {{lang 'common.previous'}}\n                </a>\n            </li>\n        {{/if}}\n        {{#each links}}\n            {{#if this.number '==' ../current}}\n                <li class=\"pagination-item pagination-item--current\">\n                    <a class=\"pagination-link\" href=\"{{this.url}}\" data-faceted-search-facet>{{this.number}}</a>\n                </li>\n            {{else}}\n                <li class=\"pagination-item\">\n                    <a class=\"pagination-link\" href=\"{{this.url}}\" data-faceted-search-facet>{{this.number}}</a>\n                </li>\n            {{/if}}\n        {{/each}}\n\n        {{#if next}}\n            <li class=\"pagination-item pagination-item--next\">\n                <a class=\"pagination-link\" href=\"{{next}}\" data-faceted-search-facet>\n                    {{lang 'common.next'}}\n                    <i class=\"icon\" aria-hidden=\"true\">\n                        <svg>\n                            <use xmlns:xlink=\"http://www.w3.org/1999/xlink\" xlink:href=\"#icon-chevron-right\"></use>\n                        </svg>\n                    </i>\n                </a>\n            </li>\n        {{/if}}\n    </ul>\n</div>\n","components/category/sort-box":"<fieldset class=\"form-fieldset actionBar-section\">\n    <div class=\"form-field\">\n        <label class=\"form-label\" for=\"sort\">{{lang 'common.sorter.sort_by'}}</label>\n        <select class=\"form-select form-select--small\" name=\"sort\" id=\"sort\">\n            <option value=\"featured\" {{#if sort '==' 'featured'}}selected{{/if}}>{{lang 'common.sorter.featured'}}</option>\n            <option value=\"newest\" {{#if sort '==' 'newest'}}selected{{/if}}>{{lang 'common.sorter.newest'}}</option>\n            <option value=\"bestselling\" {{#if sort '==' 'bestselling'}}selected{{/if}}>{{lang 'common.sorter.top_sellers'}}</option>\n            <option value=\"alphaasc\" {{#if sort '==' 'alphaasc'}}selected{{/if}}>{{lang 'common.sorter.alpha_asc'}}</option>\n            <option value=\"alphadesc\" {{#if sort '==' 'alphadesc'}}selected{{/if}}>{{lang 'common.sorter.alpha_desc'}}</option>\n            <option value=\"avgcustomerreview\" {{#if sort '==' 'avgcustomerreview'}}selected{{/if}}>{{lang 'common.sorter.reviews'}}</option>\n            <option value=\"priceasc\" {{#if sort '==' 'priceasc'}}selected{{/if}}>{{lang 'common.sorter.price_asc'}}</option>\n            <option value=\"pricedesc\" {{#if sort '==' 'pricedesc'}}selected{{/if}}>{{lang 'common.sorter.price_desc'}}</option>\n        </select>\n    </div>\n</fieldset>\n\n","components/products/card":"\n <div class=\"product__inner\">\n\t<figure class=\"product__image\">\n\t\t<div class=\"product-item-badges\">\n\t\t  {{#unless out_of_stock_message}}\n\t\t\t{{#if price.saved}}\n\t\t\t  <div class=\"product-item-sale-tag\">{{lang 'product.product_item_actions.sale'}}</div>\n\t\t\t{{/if}}\n\t\t  {{else}}\n\t\t\t<div class=\"product-item-out-of-stock\">{{lang 'product.product_item_actions.sold_out'}}</div>\n\t\t  {{/unless}}\n\t\t</div>\n\t\t<a href=\"{{url}}\">\n\t\t\t<img src=\"{{getImage image 'gallery' (cdn theme_settings.default_image_product)}}\" alt=\"{{image.alt}}\">\n\t\t</a>\n\t\t<figcaption>\n\t\t\t<a href=\"{{url}}\" class=\"block-link\"></a>\n\t\t\t<div class=\"product-addon\">\n\t\t\t\t{{#unless hide_product_quick_view}}\n\t\t\t\t\t{{#if theme_settings.show_product_quick_view}}\n\t\t\t\t\t\t<a href=\"#\" class=\"button quickview\" data-product-id=\"{{id}}\">\n\t\t\t\t\t\t   <i class=\"fa fa-eye\"></i> {{lang 'products.quick_view'}}\n\t\t\t\t\t   </a>\n\t\t\t\t\t{{/if}}\n\t\t\t\t{{/unless}}\n\t\t\t\t{{#if show_compare}}\n\t\t\t\t\t<div class=\"compare-button\">\n\t\t\t\t\t\t<input type=\"checkbox\" name=\"products[]\" value=\"{{id}}\" id=\"compare-{{id}}\" data-compare-id=\"{{id}}\">\n\t\t\t\t\t\t<label for=\"compare-{{id}}\">{{lang 'products.compare'}}</label>\n\t\t\t\t\t</div>\n\t\t\t\t{{/if}}\n\t\t\t</div>\n\t\t</figcaption>\n\t</figure>\n\t<div class=\"product__detail\">\n\t\t<div class=\"top-section\">\n\t\t\t<h2 class=\"product__detail-title\">\n\t\t\t\t<a href=\"{{url}}\">{{name}}</a>\n\t\t\t</h2>\n\t\t\t<div class=\"product__detail-category\">\n\t\t\t\t{{#if brand.name}}\n\t\t\t\t\t{{brand.name}}\n\t\t\t\t{{/if}}\n\t\t\t</div>\n\t\t\t<div class=\"show-on-hover\">\n\t\t\t\t\t{{> components/products/ratings rating=rating}}\n\t\t\t</div>    \n\t\t</div>\n\t\t<div class=\"bottom-section\">\n\t\t\t<div class=\"price product__detail-price\">\n\t\t\t\t{{> components/products/price price=price}}\n\t\t\t</div>\n\t\t\t<div class=\"product__detail-action\">\n\t\t\t\t{{#if show_cart_action}}\n\t\t\t\t\t{{#if has_options}}\n\t\t\t\t\t <a href=\"{{url}}\" class=\"button\" data-product-id=\"{{id}}\">\n\t\t\t\t\t\t<span>{{lang 'products.choose_options'}}</span>\n\t\t\t\t\t\t<i class=\"fa fa-plus\"></i>\n\t\t\t\t\t</a>\n\t\t\t\t\t{{/if}}\n\t\t\t\t\t{{#if pre_order}}\n\t\t\t\t\t\t<a href=\"{{url}}\" class=\"button\">\n\t\t\t\t\t\t\t<span>{{lang 'products.pre_order'}}</span>\n\t\t\t\t\t\t\t<i class=\"fa fa-plus\"></i>\n\t\t\t\t\t\t</a>\n\t\t\t\t\t{{/if}}\n\t\t\t\t\t{{#if add_to_cart_url }}\n\t\t\t\t\t\t<a href=\"{{add_to_cart_url}}\" class=\"button\">\n\t\t\t\t\t\t\t<span>{{lang 'products.add_to_cart'}}</span>\n\t\t\t\t\t\t\t<i class=\"fa fa-plus\"></i>\n\t\t\t\t\t\t</a>\n\t\t\t\t\t{{/if}}\n\t\t\t\t\t{{#if out_of_stock_message }}\n\t\t\t\t\t\t<a href=\"{{url}}\" class=\"button\" data-product-id=\"{{id}}\">\n\t\t\t\t\t\t\t<span>{{out_of_stock_message}}</span>\n\t\t\t\t\t\t\t<i class=\"fa fa-plus\"></i>\n\t\t\t\t\t\t</a>\n\t\t\t\t\t{{/if}}\n\t\t\t\t{{/if}}\n\t\t\t</div>\n\t\t</div>\n\t</div>\n</div>\n","components/products/list-item":"<article class=\"listItem\">\n    <figure class=\"listItem-figure\">\n        <img class=\"listItem-image\" src=\"{{getImage image 'product'}}\" alt=\"{{image.alt}}\">\n    </figure>\n    <div class=\"listItem-body\">\n        <div class=\"listItem-content\">\n            <div class=\"listItem-details\">\n                {{#if show_rating}}\n                    <p class=\"listItem-rating\">{{> components/products/ratings rating=rating}}</p>\n                {{/if}}\n                {{#if brand.name}}\n                <p class=\"listItem-brand\">{{brand.name}}</p>\n                {{/if}}\n                <h4 class=\"listItem-title\">\n                    <a href=\"{{url}}\">{{name}}</a>\n                </h4>\n                {{#if summary}}\n                    <p>{{summary}}</p>\n                {{/if}}\n            </div>\n            <div class=\"listItem-actions\">\n                {{#if price}}\n                    <div class=\"listItem-price\">{{> components/products/price price=price}}</div>\n                {{/if}}\n                {{#unless hide_add_to_cart}}\n                    {{#if has_options}}\n                        <a href=\"{{url}}\" class=\"button button--primary\" data-product-id=\"{{id}}\">{{lang \"products.choose_options\"}}</a>\n                    {{else}}\n                        {{#if out_of_stock_message }}\n                        <span href=\"{{url}}\" class=\"button button--primary\">{{out_of_stock_message}}</span>\n                        {{else}}\n                        <a href=\"{{add_to_cart_url}}\" class=\"button button--primary\">{{lang \"products.add_to_cart\"}}</a>\n                        {{/if}}\n                    {{/if}}\n                {{/unless}}\n                {{#if show_compare}}\n                    <label class=\"button button--small\" for=\"compare-{{id}}\">\n                        {{lang \"products.compare\"}} <input type=\"checkbox\" name=\"products[]\" value=\"{{id}}\" id=\"compare-{{id}}\">\n                    </label>\n                {{/if}}\n            </div>\n        </div>\n    </div>\n</article>\n","components/products/ratings":"{{#for 1 5}}\n    {{#if ../this.rating '>=' $index}}\n        <span class=\"icon icon--ratingFull\">\n            <svg>\n                <use xlink:href=\"#icon-star\" />\n            </svg>\n        </span>\n    {{else}}\n        <span class=\"icon icon--ratingEmpty\">\n            <svg>\n                <use xlink:href=\"#icon-star\" />\n            </svg>\n        </span>\n    {{/if}}\n{{/for}}\n","components/products/price":"{{#if price.with_tax}}\n    <div class=\"price-section price-section--withTax\" {{#if schema_org}}itemprop=\"offers\" itemscope itemtype=\"http://schema.org/Offer\"{{/if}}>\n        {{#if price.rrp_with_tax}}\n            <span data-product-rrp-with-tax class=\"price price--rrp\">{{price.rrp_with_tax.formatted}}</span>\n        {{/if}}\n        <span data-product-price-with-tax class=\"price\">{{price.with_tax.formatted}}</span>\n        {{#if price.without_tax}}\n            {{lang 'products.price_with_tax' tax_label=price.tax_label}}\n        {{/if}}\n    </div>\n{{/if}}\n\n{{#if price.without_tax}}\n    <div class=\"price-section price-section--withoutTax {{#if price.with_tax}}price-section--minor{{/if}}\"  {{#if schema_org}}itemprop=\"offers\" itemscope itemtype=\"http://schema.org/Offer\"{{/if}}>\n        {{#if price.rrp_without_tax}}\n            <span data-product-rrp-without-tax class=\"price price--rrp\">{{price.rrp_without_tax.formatted}}</span>\n        {{/if}}\n        {{#if schema_org}}\n            <meta itemprop=\"price\" content=\"{{price.without_tax.value}}\">\n            <meta itemprop=\"priceCurrency\" content=\"{{currency_selector.active_currency_code}}\">\n        {{/if}}\n        <span data-product-price-without-tax class=\"price price--withoutTax\">{{price.without_tax.formatted}}</span>\n        {{#if price.with_tax}}\n            <abbr title=\"{{lang 'products.excluding_tax'}}\">{{lang 'products.price_without_tax' tax_label=price.tax_label}}</abbr>\n        {{/if}}\n    </div>\n{{/if}}\n\n{{#if page_type '===' 'product'}}\n    {{#if price.saved}}\n        <div class=\"price-section price-section--saving\">\n            <span class=\"price\">\n                {{lang 'products.you_save' amount=price.saved.formatted}}\n            </span>\n        </div>\n    {{/if}}\n{{/if}}\n"}